<?xml version="1.0" encoding="UTF-8"?>
<!DOCTYPE mapper PUBLIC "-//mybatis.org//DTD Mapper 3.0//EN" "http://mybatis.org/dtd/mybatis-3-mapper.dtd">
<mapper
	namespace="kr.ac.kopo.ctc.spring.board.repository.mapper.BoardItemMapper">
	<select id="findOneById"
		resultType="kr.ac.kopo.ctc.spring.board.domain.BoardItem">
		select
		*
		from
		board_item
		where id = #{id}
	</select>
	<select id="findAll"
		resultType="kr.ac.kopo.ctc.spring.board.domain.BoardItem">
		select
		*
		from
		board_item
	</select>

	<select id="findAllByCondition"
		resultType="kr.ac.kopo.ctc.spring.board.domain.BoardItem">
		select
		*
		from
		board_item b
		where
		1 = 1
		<include refid="whereCondition" />
	</select>
	<sql id="whereCondition">
		<if test="author != null">
			and b.author = #{author}
		</if>
	</sql>
	<insert id="insertBoardItem">
		INSERT INTO board_item(id, author, title, content)
		VALUES (#{id},
		#{author},#{title},#{content})
	</insert>

	<update id="updateAuthor">

		UPDATE board_item

		SET author =#{author}, title =
		#{title}

		WHERE id = #{id}

	</update>
	<delete id="deleteById" parameterType="int">

		DELETE FROM board_item

		WHERE id = #{id}

	</delete>
	<select id="searchTitle" resultType="kr.ac.kopo.ctc.spring.board.domain.BoardItem">

		SELECT title

		FROM board_item

		<if test="title != null">

			WHERE title LIKE '%' || #{title} || '%'

		</if>
	</select>
</mapper>